{"cameraMode":{"drawMode":0,"name":"Shaded","section":"Shading Mode"},"sceneLighting":false,"audioPlay":false,"sceneViewState":{"showFog":true,"showMaterialUpdate":false,"showSkybox":false,"showFlares":true,"showImageEffects":true,"showParticleSystems":true},"in2DMode":false,"pivot":{"x":7.415106773376465,"y":1.8962923288345338,"z":19.897994995117189},"rotation":{"x":0.07723239809274674,"y":0.637898862361908,"z":-0.0645250454545021,"w":0.7635247707366943},"size":70.77228546142578,"orthographic":false}